movieId,title,genres
41,Richard III (1995),Drama|War
42,Dead Presidents (1995),Action|Crime|Drama
43,Restoration (1995),Drama
44,Mortal Kombat (1995),Action|Adventure|Fantasy
45,To Die For (1995),Comedy|Drama|Thriller
46,How to Make an American Quilt (1995),Drama|Romance
47,Seven (a.k.a. Se7en) (1995),Mystery|Thriller
48,Pocahontas (1995),Animation|Children|Drama|Musical|Romance
49,When Night Is Falling (1995),Drama|Romance
50,"Usual Suspects, The (1995)",Crime|Mystery|Thriller
52,Mighty Aphrodite (1995),Comedy|Drama|Romance
53,Lamerica (1994),Adventure|Drama
54,"Big Green, The (1995)",Children|Comedy
55,Georgia (1995),Drama
57,Home for the Holidays (1995),Drama
58,"Postman, The (Postino, Il) (1994)",Comedy|Drama|Romance
59,"Confessional, The (Confessionnal, Le) (1995)",Drama|Mystery
60,"Indian in the Cupboard, The (1995)",Adventure|Children|Fantasy
61,Eye for an Eye (1996),Drama|Thriller
62,Mr. Holland's Opus (1995),Drama
63,Don't Be a Menace to South Central While Drinking Your Juice in the Hood (1996),Comedy|Crime
64,Two if by Sea (1996),Comedy|Romance
65,Bio-Dome (1996),Comedy
66,Lawnmower Man 2: Beyond Cyberspace (1996),Action|Sci-Fi|Thriller
68,French Twist (Gazon maudit) (1995),Comedy|Romance
69,Friday (1995),Comedy
70,From Dusk Till Dawn (1996),Action|Comedy|Horror|Thriller
71,Fair Game (1995),Action
72,Kicking and Screaming (1995),Comedy|Drama
73,"Mis√©rables, Les (1995)",Drama|War
74,Bed of Roses (1996),Drama|Romance
76,Screamers (1995),Action|Sci-Fi|Thriller
77,Nico Icon (1995),Documentary
78,"Crossing Guard, The (1995)",Action|Crime|Drama|Thriller
79,"Juror, The (1996)",Drama|Thriller
80,"White Balloon, The (Badkonake sefid) (1995)",Children|Drama
81,Things to Do in Denver When You're Dead (1995),Crime|Drama|Romance
82,Antonia's Line (Antonia) (1995),Comedy|Drama
83,Once Upon a Time... When We Were Colored (1995),Drama|Romance
84,Last Summer in the Hamptons (1995),Comedy|Drama
85,Angels and Insects (1995),Drama|Romance
86,White Squall (1996),Action|Adventure|Drama
87,Dunston Checks In (1996),Children|Comedy
88,Black Sheep (1996),Comedy
89,Nick of Time (1995),Action|Thriller
92,Mary Reilly (1996),Drama|Horror|Thriller
93,Vampire in Brooklyn (1995),Comedy|Horror|Romance
94,Beautiful Girls (1996),Comedy|Drama|Romance
95,Broken Arrow (1996),Action|Adventure|Thriller
96,In the Bleak Midwinter (1995),Comedy|Drama
97,"Hate (Haine, La) (1995)",Crime|Drama
98,Shopping (1994),Action|Thriller
99,Heidi Fleiss: Hollywood Madam (1995),Documentary
100,City Hall (1996),Drama|Thriller
